chunk_index,t,t_plus_1,t_x_abs,t_y_abs,t_plus_1_x_abs,t_plus_1_y_abs,t_x_rel,t_y_rel,t_plus_1_x_rel,t_plus_1_y_rel
0,0.0,1.0,442.0,378.0,565.0,390.0,0.0,0.0,123.0,12.0
1,1.0,2.0,565.0,390.0,486.0,383.0,0.0,0.0,-79.0,-7.0
2,2.0,3.0,486.0,383.0,437.0,374.0,0.0,0.0,-49.0,-9.0
3,3.0,4.0,437.0,374.0,448.0,371.0,0.0,0.0,11.0,-3.0
4,4.0,5.0,448.0,371.0,440.0,371.0,0.0,0.0,-8.0,0.0
5,5.0,6.0,440.0,371.0,422.0,408.0,0.0,0.0,-18.0,37.0
6,6.0,7.0,422.0,408.0,143.0,124.0,0.0,0.0,-279.0,-284.0
7,7.0,8.0,143.0,124.0,204.0,194.0,0.0,0.0,61.0,70.0
8,8.0,9.0,204.0,194.0,224.0,200.0,0.0,0.0,20.0,6.0
9,9.0,10.0,224.0,200.0,423.0,328.0,0.0,0.0,199.0,128.0
10,10.0,11.0,423.0,328.0,659.0,360.0,0.0,0.0,236.0,32.0
11,11.0,12.0,659.0,360.0,0.0,0.0,0.0,0.0,-659.0,-360.0
12,12.0,13.0,0.0,0.0,0.0,0.0,0.0,0.0,0.0,0.0
13,13.0,14.0,0.0,0.0,0.0,0.0,0.0,0.0,0.0,0.0
14,14.0,15.0,0.0,0.0,0.0,0.0,0.0,0.0,0.0,0.0
15,15.0,16.0,0.0,0.0,0.0,0.0,0.0,0.0,0.0,0.0
16,16.0,17.0,0.0,0.0,0.0,0.0,0.0,0.0,0.0,0.0
17,17.0,18.0,0.0,0.0,0.0,0.0,0.0,0.0,0.0,0.0
18,18.0,19.0,0.0,0.0,0.0,0.0,0.0,0.0,0.0,0.0
19,19.0,20.0,0.0,0.0,327.0,511.0,0.0,0.0,327.0,511.0
20,20.0,21.0,327.0,511.0,310.0,522.0,0.0,0.0,-17.0,11.0
21,21.0,22.0,310.0,522.0,100.0,470.0,0.0,0.0,-210.0,-52.0
22,22.0,23.0,100.0,470.0,101.0,470.0,0.0,0.0,1.0,0.0
23,23.0,24.0,101.0,470.0,319.0,519.0,0.0,0.0,218.0,49.0
24,24.0,25.0,319.0,519.0,323.0,523.0,0.0,0.0,4.0,4.0
25,25.0,26.0,323.0,523.0,323.0,523.0,0.0,0.0,0.0,0.0
26,26.0,27.0,323.0,523.0,323.0,523.0,0.0,0.0,0.0,0.0
27,27.0,28.0,323.0,523.0,277.0,553.0,0.0,0.0,-46.0,30.0
28,28.0,29.0,277.0,553.0,289.0,535.0,0.0,0.0,12.0,-18.0
29,29.0,30.0,289.0,535.0,326.0,545.0,0.0,0.0,37.0,10.0
30,30.0,31.0,326.0,545.0,326.0,545.0,0.0,0.0,0.0,0.0
31,31.0,32.0,326.0,545.0,326.0,545.0,0.0,0.0,0.0,0.0
32,32.0,33.0,326.0,545.0,326.0,545.0,0.0,0.0,0.0,0.0
33,33.0,34.0,326.0,545.0,313.0,565.0,0.0,0.0,-13.0,20.0
34,34.0,35.0,313.0,565.0,313.0,565.0,0.0,0.0,0.0,0.0
35,35.0,36.0,313.0,565.0,313.0,565.0,0.0,0.0,0.0,0.0
36,36.0,37.0,313.0,565.0,285.0,591.0,0.0,0.0,-28.0,26.0
37,37.0,38.0,285.0,591.0,292.0,586.0,0.0,0.0,7.0,-5.0
38,38.0,39.0,292.0,586.0,292.0,586.0,0.0,0.0,0.0,0.0
39,39.0,40.0,292.0,586.0,292.0,586.0,0.0,0.0,0.0,0.0
40,40.0,41.0,292.0,586.0,353.0,558.0,0.0,0.0,61.0,-28.0
41,41.0,42.0,353.0,558.0,369.0,554.0,0.0,0.0,16.0,-4.0
42,42.0,43.0,369.0,554.0,370.0,577.0,0.0,0.0,1.0,23.0
43,43.0,44.0,370.0,577.0,370.0,577.0,0.0,0.0,0.0,0.0
44,44.0,45.0,370.0,577.0,370.0,577.0,0.0,0.0,0.0,0.0
45,45.0,46.0,370.0,577.0,370.0,577.0,0.0,0.0,0.0,0.0
46,46.0,47.0,370.0,577.0,370.0,577.0,0.0,0.0,0.0,0.0
47,47.0,48.0,370.0,577.0,301.0,566.0,0.0,0.0,-69.0,-11.0
48,48.0,49.0,301.0,566.0,337.0,580.0,0.0,0.0,36.0,14.0
49,49.0,50.0,337.0,580.0,262.0,579.0,0.0,0.0,-75.0,-1.0
50,50.0,51.0,262.0,579.0,291.0,599.0,0.0,0.0,29.0,20.0
51,51.0,52.0,291.0,599.0,317.0,606.0,0.0,0.0,26.0,7.0
52,52.0,53.0,317.0,606.0,317.0,606.0,0.0,0.0,0.0,0.0
53,53.0,54.0,317.0,606.0,315.0,606.0,0.0,0.0,-2.0,0.0
54,54.0,55.0,315.0,606.0,0.0,0.0,0.0,0.0,-315.0,-606.0
55,55.0,56.0,0.0,0.0,0.0,0.0,0.0,0.0,0.0,0.0
56,56.0,57.0,0.0,0.0,0.0,0.0,0.0,0.0,0.0,0.0
57,57.0,58.0,0.0,0.0,0.0,0.0,0.0,0.0,0.0,0.0
58,58.0,59.0,0.0,0.0,0.0,0.0,0.0,0.0,0.0,0.0
59,59.0,60.0,0.0,0.0,0.0,0.0,0.0,0.0,0.0,0.0
60,60.0,61.0,0.0,0.0,0.0,0.0,0.0,0.0,0.0,0.0
61,61.0,62.0,0.0,0.0,364.0,579.0,0.0,0.0,364.0,579.0
62,62.0,63.0,364.0,579.0,364.0,579.0,0.0,0.0,0.0,0.0
63,63.0,64.0,364.0,579.0,401.0,445.0,0.0,0.0,37.0,-134.0
64,64.0,65.0,401.0,445.0,0.0,0.0,0.0,0.0,-401.0,-445.0
65,65.0,66.0,0.0,0.0,617.0,468.0,0.0,0.0,617.0,468.0
66,66.0,67.0,617.0,468.0,643.0,502.0,0.0,0.0,26.0,34.0
67,67.0,68.0,643.0,502.0,652.0,518.0,0.0,0.0,9.0,16.0
68,68.0,69.0,652.0,518.0,652.0,518.0,0.0,0.0,0.0,0.0
69,69.0,70.0,652.0,518.0,553.0,500.0,0.0,0.0,-99.0,-18.0
70,70.0,71.0,553.0,500.0,209.0,174.0,0.0,0.0,-344.0,-326.0
71,71.0,72.0,209.0,174.0,308.0,287.0,0.0,0.0,99.0,113.0
72,72.0,73.0,308.0,287.0,391.0,401.0,0.0,0.0,83.0,114.0
73,73.0,74.0,391.0,401.0,359.0,370.0,0.0,0.0,-32.0,-31.0
74,74.0,75.0,359.0,370.0,358.0,370.0,0.0,0.0,-1.0,0.0
75,75.0,76.0,358.0,370.0,358.0,370.0,0.0,0.0,0.0,0.0
76,76.0,77.0,358.0,370.0,358.0,370.0,0.0,0.0,0.0,0.0
77,77.0,78.0,358.0,370.0,358.0,370.0,0.0,0.0,0.0,0.0
78,78.0,79.0,358.0,370.0,358.0,370.0,0.0,0.0,0.0,0.0
79,79.0,80.0,358.0,370.0,358.0,370.0,0.0,0.0,0.0,0.0
80,80.0,81.0,358.0,370.0,358.0,370.0,0.0,0.0,0.0,0.0
81,81.0,82.0,358.0,370.0,358.0,370.0,0.0,0.0,0.0,0.0
82,82.0,83.0,358.0,370.0,358.0,370.0,0.0,0.0,0.0,0.0
83,83.0,84.0,358.0,370.0,358.0,370.0,0.0,0.0,0.0,0.0
84,84.0,85.0,358.0,370.0,358.0,370.0,0.0,0.0,0.0,0.0
85,85.0,86.0,358.0,370.0,509.0,676.0,0.0,0.0,151.0,306.0
86,86.0,87.0,509.0,676.0,461.0,640.0,0.0,0.0,-48.0,-36.0
87,87.0,88.0,461.0,640.0,317.0,401.0,0.0,0.0,-144.0,-239.0
88,88.0,89.0,317.0,401.0,383.0,481.0,0.0,0.0,66.0,80.0
89,89.0,90.0,383.0,481.0,720.0,735.0,0.0,0.0,337.0,254.0
90,90.0,91.0,720.0,735.0,426.0,482.0,0.0,0.0,-294.0,-253.0
91,91.0,92.0,426.0,482.0,200.0,455.0,0.0,0.0,-226.0,-27.0
92,92.0,93.0,200.0,455.0,294.0,513.0,0.0,0.0,94.0,58.0
93,93.0,94.0,294.0,513.0,83.0,484.0,0.0,0.0,-211.0,-29.0
94,94.0,95.0,83.0,484.0,78.0,488.0,0.0,0.0,-5.0,4.0
95,95.0,96.0,78.0,488.0,216.0,452.0,0.0,0.0,138.0,-36.0
96,96.0,97.0,216.0,452.0,494.0,366.0,0.0,0.0,278.0,-86.0
97,97.0,98.0,494.0,366.0,619.0,335.0,0.0,0.0,125.0,-31.0
98,98.0,99.0,619.0,335.0,581.0,363.0,0.0,0.0,-38.0,28.0
99,99.0,100.0,581.0,363.0,391.0,503.0,0.0,0.0,-190.0,140.0
100,100.0,101.0,391.0,503.0,386.0,504.0,0.0,0.0,-5.0,1.0
101,101.0,102.0,386.0,504.0,0.0,0.0,0.0,0.0,-386.0,-504.0
102,102.0,103.0,0.0,0.0,0.0,0.0,0.0,0.0,0.0,0.0
103,103.0,104.0,0.0,0.0,0.0,0.0,0.0,0.0,0.0,0.0
104,104.0,105.0,0.0,0.0,0.0,0.0,0.0,0.0,0.0,0.0
105,105.0,106.0,0.0,0.0,0.0,0.0,0.0,0.0,0.0,0.0
106,106.0,107.0,0.0,0.0,0.0,0.0,0.0,0.0,0.0,0.0
107,107.0,108.0,0.0,0.0,412.0,430.0,0.0,0.0,412.0,430.0
108,108.0,109.0,412.0,430.0,233.0,506.0,0.0,0.0,-179.0,76.0
109,109.0,110.0,233.0,506.0,235.0,512.0,0.0,0.0,2.0,6.0
110,110.0,111.0,235.0,512.0,288.0,539.0,0.0,0.0,53.0,27.0
111,111.0,112.0,288.0,539.0,324.0,513.0,0.0,0.0,36.0,-26.0
112,112.0,113.0,324.0,513.0,206.0,605.0,0.0,0.0,-118.0,92.0
113,113.0,114.0,206.0,605.0,295.0,586.0,0.0,0.0,89.0,-19.0
114,114.0,115.0,295.0,586.0,379.0,641.0,0.0,0.0,84.0,55.0
115,115.0,116.0,379.0,641.0,395.0,649.0,0.0,0.0,16.0,8.0
116,116.0,117.0,395.0,649.0,395.0,649.0,0.0,0.0,0.0,0.0
117,117.0,118.0,395.0,649.0,395.0,649.0,0.0,0.0,0.0,0.0
118,118.0,119.0,395.0,649.0,249.0,256.0,0.0,0.0,-146.0,-393.0
119,119.0,120.0,249.0,256.0,544.0,191.0,0.0,0.0,295.0,-65.0
120,120.0,121.0,544.0,191.0,238.0,196.0,0.0,0.0,-306.0,5.0
121,121.0,122.0,238.0,196.0,336.0,285.0,0.0,0.0,98.0,89.0
122,122.0,123.0,336.0,285.0,336.0,285.0,0.0,0.0,0.0,0.0
123,123.0,124.0,336.0,285.0,209.0,463.0,0.0,0.0,-127.0,178.0
124,124.0,125.0,209.0,463.0,143.0,589.0,0.0,0.0,-66.0,126.0
125,125.0,126.0,143.0,589.0,131.0,607.0,0.0,0.0,-12.0,18.0
126,126.0,127.0,131.0,607.0,72.0,575.0,0.0,0.0,-59.0,-32.0
127,127.0,128.0,72.0,575.0,71.0,503.0,0.0,0.0,-1.0,-72.0
128,128.0,129.0,71.0,503.0,435.0,337.0,0.0,0.0,364.0,-166.0
129,129.0,130.0,435.0,337.0,489.0,399.0,0.0,0.0,54.0,62.0
130,130.0,131.0,489.0,399.0,489.0,399.0,0.0,0.0,0.0,0.0
131,131.0,132.0,489.0,399.0,489.0,399.0,0.0,0.0,0.0,0.0
132,132.0,133.0,489.0,399.0,489.0,399.0,0.0,0.0,0.0,0.0
133,133.0,134.0,489.0,399.0,391.0,436.0,0.0,0.0,-98.0,37.0
134,134.0,135.0,391.0,436.0,182.0,232.0,0.0,0.0,-209.0,-204.0
135,135.0,136.0,182.0,232.0,141.0,439.0,0.0,0.0,-41.0,207.0
136,136.0,137.0,141.0,439.0,138.0,308.0,0.0,0.0,-3.0,-131.0
137,137.0,138.0,138.0,308.0,465.0,192.0,0.0,0.0,327.0,-116.0
138,138.0,139.0,465.0,192.0,243.0,196.0,0.0,0.0,-222.0,4.0
139,139.0,140.0,243.0,196.0,339.0,326.0,0.0,0.0,96.0,130.0
140,140.0,141.0,339.0,326.0,339.0,326.0,0.0,0.0,0.0,0.0
141,141.0,142.0,339.0,326.0,195.0,550.0,0.0,0.0,-144.0,224.0
142,142.0,143.0,195.0,550.0,393.0,501.0,0.0,0.0,198.0,-49.0
143,143.0,144.0,393.0,501.0,921.0,471.0,0.0,0.0,528.0,-30.0
144,144.0,145.0,921.0,471.0,676.0,557.0,0.0,0.0,-245.0,86.0
145,145.0,146.0,676.0,557.0,646.0,550.0,0.0,0.0,-30.0,-7.0
146,146.0,147.0,646.0,550.0,646.0,550.0,0.0,0.0,0.0,0.0
147,147.0,148.0,646.0,550.0,1010.0,493.0,0.0,0.0,364.0,-57.0
148,148.0,149.0,1010.0,493.0,1053.0,574.0,0.0,0.0,43.0,81.0
149,149.0,150.0,1053.0,574.0,1176.0,602.0,0.0,0.0,123.0,28.0
150,150.0,151.0,1176.0,602.0,523.0,796.0,0.0,0.0,-653.0,194.0
151,151.0,152.0,523.0,796.0,283.0,775.0,0.0,0.0,-240.0,-21.0
152,152.0,153.0,283.0,775.0,754.0,674.0,0.0,0.0,471.0,-101.0
153,153.0,154.0,754.0,674.0,585.0,510.0,0.0,0.0,-169.0,-164.0
154,154.0,155.0,585.0,510.0,537.0,475.0,0.0,0.0,-48.0,-35.0
155,155.0,156.0,537.0,475.0,373.0,641.0,0.0,0.0,-164.0,166.0
156,156.0,157.0,373.0,641.0,289.0,647.0,0.0,0.0,-84.0,6.0
157,157.0,158.0,289.0,647.0,525.0,536.0,0.0,0.0,236.0,-111.0
158,158.0,159.0,525.0,536.0,431.0,138.0,0.0,0.0,-94.0,-398.0
159,159.0,160.0,431.0,138.0,445.0,425.0,0.0,0.0,14.0,287.0
160,160.0,161.0,445.0,425.0,492.0,286.0,0.0,0.0,47.0,-139.0
161,161.0,162.0,492.0,286.0,600.0,24.0,0.0,0.0,108.0,-262.0
162,162.0,163.0,600.0,24.0,394.0,389.0,0.0,0.0,-206.0,365.0
163,163.0,164.0,394.0,389.0,257.0,141.0,0.0,0.0,-137.0,-248.0
164,164.0,165.0,257.0,141.0,107.0,119.0,0.0,0.0,-150.0,-22.0
165,165.0,166.0,107.0,119.0,108.0,119.0,0.0,0.0,1.0,0.0
166,166.0,167.0,108.0,119.0,108.0,119.0,0.0,0.0,0.0,0.0
167,167.0,168.0,108.0,119.0,108.0,119.0,0.0,0.0,0.0,0.0
168,168.0,169.0,108.0,119.0,108.0,119.0,0.0,0.0,0.0,0.0
169,169.0,170.0,108.0,119.0,367.0,347.0,0.0,0.0,259.0,228.0
170,170.0,171.0,367.0,347.0,191.0,398.0,0.0,0.0,-176.0,51.0
171,171.0,172.0,191.0,398.0,269.0,429.0,0.0,0.0,78.0,31.0
172,172.0,173.0,269.0,429.0,242.0,357.0,0.0,0.0,-27.0,-72.0
173,173.0,174.0,242.0,357.0,248.0,389.0,0.0,0.0,6.0,32.0
174,174.0,175.0,248.0,389.0,253.0,195.0,0.0,0.0,5.0,-194.0
175,175.0,176.0,253.0,195.0,258.0,191.0,0.0,0.0,5.0,-4.0
176,176.0,177.0,258.0,191.0,258.0,191.0,0.0,0.0,0.0,0.0
177,177.0,178.0,258.0,191.0,677.0,373.0,0.0,0.0,419.0,182.0
178,178.0,179.0,677.0,373.0,1159.0,272.0,0.0,0.0,482.0,-101.0
179,179.0,180.0,1159.0,272.0,605.0,475.0,0.0,0.0,-554.0,203.0
180,180.0,181.0,605.0,475.0,270.0,782.0,0.0,0.0,-335.0,307.0
181,181.0,182.0,270.0,782.0,598.0,638.0,0.0,0.0,328.0,-144.0
182,182.0,183.0,598.0,638.0,176.0,180.0,0.0,0.0,-422.0,-458.0
183,183.0,184.0,176.0,180.0,0.0,0.0,0.0,0.0,-176.0,-180.0
184,184.0,185.0,0.0,0.0,0.0,0.0,0.0,0.0,0.0,0.0
185,185.0,186.0,0.0,0.0,228.0,152.0,0.0,0.0,228.0,152.0
186,186.0,187.0,228.0,152.0,148.0,188.0,0.0,0.0,-80.0,36.0
187,187.0,188.0,148.0,188.0,567.0,357.0,0.0,0.0,419.0,169.0
188,188.0,189.0,567.0,357.0,197.0,344.0,0.0,0.0,-370.0,-13.0
189,189.0,190.0,197.0,344.0,613.0,180.0,0.0,0.0,416.0,-164.0
190,190.0,191.0,613.0,180.0,120.0,180.0,0.0,0.0,-493.0,0.0
191,191.0,192.0,120.0,180.0,147.0,192.0,0.0,0.0,27.0,12.0
192,192.0,193.0,147.0,192.0,386.0,442.0,0.0,0.0,239.0,250.0
193,193.0,194.0,386.0,442.0,386.0,442.0,0.0,0.0,0.0,0.0
194,194.0,195.0,386.0,442.0,386.0,442.0,0.0,0.0,0.0,0.0
195,195.0,196.0,386.0,442.0,386.0,442.0,0.0,0.0,0.0,0.0
196,196.0,197.0,386.0,442.0,386.0,442.0,0.0,0.0,0.0,0.0
197,197.0,198.0,386.0,442.0,386.0,442.0,0.0,0.0,0.0,0.0
198,198.0,199.0,386.0,442.0,386.0,442.0,0.0,0.0,0.0,0.0
199,199.0,200.0,386.0,442.0,605.0,799.0,0.0,0.0,219.0,357.0
200,200.0,201.0,605.0,799.0,604.0,710.0,0.0,0.0,-1.0,-89.0
201,201.0,202.0,604.0,710.0,470.0,663.0,0.0,0.0,-134.0,-47.0
202,202.0,203.0,470.0,663.0,189.0,275.0,0.0,0.0,-281.0,-388.0
203,203.0,204.0,189.0,275.0,366.0,304.0,0.0,0.0,177.0,29.0
204,204.0,205.0,366.0,304.0,565.0,631.0,0.0,0.0,199.0,327.0
205,205.0,206.0,565.0,631.0,367.0,501.0,0.0,0.0,-198.0,-130.0
206,206.0,207.0,367.0,501.0,487.0,529.0,0.0,0.0,120.0,28.0
207,207.0,208.0,487.0,529.0,487.0,529.0,0.0,0.0,0.0,0.0
208,208.0,209.0,487.0,529.0,487.0,529.0,0.0,0.0,0.0,0.0
209,209.0,210.0,487.0,529.0,487.0,529.0,0.0,0.0,0.0,0.0
210,210.0,211.0,487.0,529.0,487.0,529.0,0.0,0.0,0.0,0.0
211,211.0,212.0,487.0,529.0,487.0,529.0,0.0,0.0,0.0,0.0
212,212.0,213.0,487.0,529.0,487.0,529.0,0.0,0.0,0.0,0.0
213,213.0,214.0,487.0,529.0,487.0,529.0,0.0,0.0,0.0,0.0
214,214.0,215.0,487.0,529.0,497.0,513.0,0.0,0.0,10.0,-16.0
215,215.0,216.0,497.0,513.0,213.0,251.0,0.0,0.0,-284.0,-262.0
216,216.0,217.0,213.0,251.0,149.0,191.0,0.0,0.0,-64.0,-60.0
217,217.0,218.0,149.0,191.0,149.0,191.0,0.0,0.0,0.0,0.0
218,218.0,219.0,149.0,191.0,149.0,191.0,0.0,0.0,0.0,0.0
219,219.0,220.0,149.0,191.0,149.0,191.0,0.0,0.0,0.0,0.0
220,220.0,221.0,149.0,191.0,149.0,191.0,0.0,0.0,0.0,0.0
221,221.0,222.0,149.0,191.0,149.0,191.0,0.0,0.0,0.0,0.0
222,222.0,223.0,149.0,191.0,150.0,191.0,0.0,0.0,1.0,0.0
223,223.0,224.0,150.0,191.0,150.0,191.0,0.0,0.0,0.0,0.0
224,224.0,225.0,150.0,191.0,150.0,191.0,0.0,0.0,0.0,0.0
225,225.0,226.0,150.0,191.0,150.0,191.0,0.0,0.0,0.0,0.0
226,226.0,227.0,150.0,191.0,150.0,191.0,0.0,0.0,0.0,0.0
227,227.0,228.0,150.0,191.0,689.0,571.0,0.0,0.0,539.0,380.0
228,228.0,229.0,689.0,571.0,334.0,231.0,0.0,0.0,-355.0,-340.0
229,229.0,230.0,334.0,231.0,392.0,119.0,0.0,0.0,58.0,-112.0
230,230.0,231.0,392.0,119.0,389.0,122.0,0.0,0.0,-3.0,3.0
231,231.0,232.0,389.0,122.0,389.0,122.0,0.0,0.0,0.0,0.0
232,232.0,233.0,389.0,122.0,389.0,122.0,0.0,0.0,0.0,0.0
233,233.0,234.0,389.0,122.0,390.0,126.0,0.0,0.0,1.0,4.0
234,234.0,235.0,390.0,126.0,386.0,126.0,0.0,0.0,-4.0,0.0
235,235.0,236.0,386.0,126.0,201.0,120.0,0.0,0.0,-185.0,-6.0
236,236.0,237.0,201.0,120.0,201.0,120.0,0.0,0.0,0.0,0.0
237,237.0,238.0,201.0,120.0,201.0,120.0,0.0,0.0,0.0,0.0
238,238.0,239.0,201.0,120.0,201.0,120.0,0.0,0.0,0.0,0.0
239,239.0,240.0,201.0,120.0,201.0,120.0,0.0,0.0,0.0,0.0
240,240.0,241.0,201.0,120.0,344.0,270.0,0.0,0.0,143.0,150.0
241,241.0,242.0,344.0,270.0,192.0,134.0,0.0,0.0,-152.0,-136.0
242,242.0,243.0,192.0,134.0,203.0,192.0,0.0,0.0,11.0,58.0
243,243.0,244.0,203.0,192.0,372.0,280.0,0.0,0.0,169.0,88.0
244,244.0,245.0,372.0,280.0,389.0,297.0,0.0,0.0,17.0,17.0
245,245.0,246.0,389.0,297.0,388.0,301.0,0.0,0.0,-1.0,4.0
246,246.0,247.0,388.0,301.0,146.0,191.0,0.0,0.0,-242.0,-110.0
247,247.0,248.0,146.0,191.0,443.0,446.0,0.0,0.0,297.0,255.0
248,248.0,249.0,443.0,446.0,448.0,441.0,0.0,0.0,5.0,-5.0
249,249.0,250.0,448.0,441.0,386.0,531.0,0.0,0.0,-62.0,90.0
250,250.0,251.0,386.0,531.0,218.0,220.0,0.0,0.0,-168.0,-311.0
251,251.0,252.0,218.0,220.0,199.0,213.0,0.0,0.0,-19.0,-7.0
252,252.0,253.0,199.0,213.0,199.0,213.0,0.0,0.0,0.0,0.0
253,253.0,254.0,199.0,213.0,200.0,213.0,0.0,0.0,1.0,0.0
254,254.0,255.0,200.0,213.0,617.0,653.0,0.0,0.0,417.0,440.0
255,255.0,256.0,617.0,653.0,630.0,648.0,0.0,0.0,13.0,-5.0
256,256.0,257.0,630.0,648.0,579.0,641.0,0.0,0.0,-51.0,-7.0
257,257.0,258.0,579.0,641.0,404.0,556.0,0.0,0.0,-175.0,-85.0
258,258.0,259.0,404.0,556.0,721.0,619.0,0.0,0.0,317.0,63.0
259,259.0,260.0,721.0,619.0,720.0,630.0,0.0,0.0,-1.0,11.0
260,260.0,261.0,720.0,630.0,290.0,618.0,0.0,0.0,-430.0,-12.0
