target_time,timestamp,x,y,vector_x,vector_y,vector_magnitude
0.0,0.0,442.0,378.0,0.0,0.0,0.0
1.0,1.16000008583,565.0,390.0,123.0,12.0,123.58397954427588
2.0,2.17499995232,486.0,383.0,-79.0,-7.0,79.30952023559341
3.0,3.15700006485,437.0,374.0,-49.0,-9.0,49.8196748283246
4.0,4.20199990273,448.0,371.0,11.0,-3.0,11.40175425099138
5.0,5.10100007057,440.0,371.0,-8.0,0.0,8.0
6.0,6.23099994659,422.0,408.0,-18.0,37.0,41.14608122288197
7.0,7.06299996376,143.0,124.0,-279.0,-284.0,398.11681702736445
8.0,8.03900003433,204.0,194.0,61.0,70.0,92.84934033152847
9.0,9.56299996376,224.0,200.0,20.0,6.0,20.8806130178211
10.0,10.1210000515,423.0,328.0,199.0,128.0,236.61149591682988
11.0,11.2550001144,659.0,360.0,236.0,32.0,238.15961034566715
12.0,12.3139998913,0.0,0.0,-659.0,-360.0,750.9201022745362
13.0,13.1300001144,0.0,0.0,0.0,0.0,0.0
14.0,14.1159999371,0.0,0.0,0.0,0.0,0.0
15.0,15.3350000381,0.0,0.0,0.0,0.0,0.0
16.0,16.5629999638,0.0,0.0,0.0,0.0,0.0
17.0,17.3129999638,0.0,0.0,0.0,0.0,0.0
18.0,18.2260000706,0.0,0.0,0.0,0.0,0.0
19.0,19.0650000572,0.0,0.0,0.0,0.0,0.0
20.0,20.0399999619,327.0,511.0,327.0,511.0,606.6712454039667
21.0,21.1150000095,310.0,522.0,-17.0,11.0,20.248456731316587
22.0,22.2460000515,100.0,470.0,-210.0,-52.0,216.34232133357543
23.0,23.3039999008,101.0,470.0,1.0,0.0,1.0
24.0,24.0339999199,319.0,519.0,218.0,49.0,223.4390297150433
25.0,27.3369998932,323.0,523.0,4.0,4.0,5.656854249492381
26.0,27.3369998932,323.0,523.0,0.0,0.0,0.0
27.0,27.3369998932,323.0,523.0,0.0,0.0,0.0
28.0,28.0580000877,277.0,553.0,-46.0,30.0,54.91812087098393
29.0,29.0090000629,289.0,535.0,12.0,-18.0,21.633307652783937
30.0,33.1789999008,326.0,545.0,37.0,10.0,38.3275357934736
31.0,33.1789999008,326.0,545.0,0.0,0.0,0.0
32.0,33.1789999008,326.0,545.0,0.0,0.0,0.0
33.0,33.1789999008,326.0,545.0,0.0,0.0,0.0
34.0,36.131000042,313.0,565.0,-13.0,20.0,23.853720883753127
35.0,36.131000042,313.0,565.0,0.0,0.0,0.0
36.0,36.131000042,313.0,565.0,0.0,0.0,0.0
37.0,37.0009999275,285.0,591.0,-28.0,26.0,38.2099463490856
38.0,40.3269999027,292.0,586.0,7.0,-5.0,8.602325267042627
39.0,40.3269999027,292.0,586.0,0.0,0.0,0.0
40.0,40.3269999027,292.0,586.0,0.0,0.0,0.0
41.0,41.0369999409,353.0,558.0,61.0,-28.0,67.11929677819934
42.0,42.0620000362,369.0,554.0,16.0,-4.0,16.492422502470642
43.0,47.5550000668,370.0,577.0,1.0,23.0,23.021728866442675
44.0,47.5550000668,370.0,577.0,0.0,0.0,0.0
45.0,47.5550000668,370.0,577.0,0.0,0.0,0.0
46.0,47.5550000668,370.0,577.0,0.0,0.0,0.0
47.0,47.5550000668,370.0,577.0,0.0,0.0,0.0
48.0,48.0039999485,301.0,566.0,-69.0,-11.0,69.87131027825369
49.0,49.1099998951,337.0,580.0,36.0,14.0,38.62641583165593
50.0,50.1099998951,262.0,579.0,-75.0,-1.0,75.0066663703967
51.0,51.4370000362,291.0,599.0,29.0,20.0,35.22782990761707
52.0,53.9189999104,317.0,606.0,26.0,7.0,26.92582403567252
53.0,53.9189999104,317.0,606.0,0.0,0.0,0.0
54.0,54.0329999924,315.0,606.0,-2.0,0.0,2.0
55.0,55.5699999332,0.0,0.0,-315.0,-606.0,682.9795018885999
56.0,56.2130000591,0.0,0.0,0.0,0.0,0.0
57.0,57.0399999619,0.0,0.0,0.0,0.0,0.0
58.0,58.0899999142,0.0,0.0,0.0,0.0,0.0
59.0,59.0940001011,0.0,0.0,0.0,0.0,0.0
60.0,60.4179999828,0.0,0.0,0.0,0.0,0.0
61.0,61.4340000153,0.0,0.0,0.0,0.0,0.0
62.0,63.3580000401,364.0,579.0,364.0,579.0,683.9130061637957
63.0,63.3580000401,364.0,579.0,0.0,0.0,0.0
64.0,64.0269999504,401.0,445.0,37.0,-134.0,139.01438774457844
65.0,65.0130000114,0.0,0.0,-401.0,-445.0,599.0208677500309
66.0,66.0550000668,617.0,468.0,617.0,468.0,774.4113893790561
67.0,67.0690000057,643.0,502.0,26.0,34.0,42.80186911806539
68.0,69.7409999371,652.0,518.0,9.0,16.0,18.35755975068582
69.0,69.7409999371,652.0,518.0,0.0,0.0,0.0
70.0,70.0850000381,553.0,500.0,-99.0,-18.0,100.62305898749054
71.0,71.0090000629,209.0,174.0,-344.0,-326.0,473.93248464311876
72.0,72.138999939,308.0,287.0,99.0,113.0,150.23315213360866
73.0,73.0099999905,391.0,401.0,83.0,114.0,141.01418368376991
74.0,74.1670000553,359.0,370.0,-32.0,-31.0,44.553338819890925
75.0,85.3129999638,358.0,370.0,-1.0,0.0,1.0
76.0,85.3129999638,358.0,370.0,0.0,0.0,0.0
77.0,85.3129999638,358.0,370.0,0.0,0.0,0.0
78.0,85.3129999638,358.0,370.0,0.0,0.0,0.0
79.0,85.3129999638,358.0,370.0,0.0,0.0,0.0
80.0,85.3129999638,358.0,370.0,0.0,0.0,0.0
81.0,85.3129999638,358.0,370.0,0.0,0.0,0.0
82.0,85.3129999638,358.0,370.0,0.0,0.0,0.0
83.0,85.3129999638,358.0,370.0,0.0,0.0,0.0
84.0,85.3129999638,358.0,370.0,0.0,0.0,0.0
85.0,85.3129999638,358.0,370.0,0.0,0.0,0.0
86.0,86.0750000477,509.0,676.0,151.0,306.0,341.2286623365628
87.0,87.0420000553,461.0,640.0,-48.0,-36.0,60.0
88.0,88.0610001087,317.0,401.0,-144.0,-239.0,279.0286723618202
89.0,89.2260000706,383.0,481.0,66.0,80.0,103.71113729971339
90.0,90.0339999199,720.0,735.0,337.0,254.0,422.0011848324599
91.0,91.0309998989,426.0,482.0,-294.0,-253.0,387.87240169932176
92.0,92.1019999981,200.0,455.0,-226.0,-27.0,227.6071176391459
93.0,93.0020000935,294.0,513.0,94.0,58.0,110.45361017187261
94.0,94.4470000267,83.0,484.0,-211.0,-29.0,212.98356744124652
95.0,95.0420000553,78.0,488.0,-5.0,4.0,6.4031242374328485
96.0,96.0099999905,216.0,452.0,138.0,-36.0,142.61837188805654
97.0,97.4900000095,494.0,366.0,278.0,-86.0,290.99828178186897
98.0,98.0639998913,619.0,335.0,125.0,-31.0,128.7866452703851
99.0,99.0130000114,581.0,363.0,-38.0,28.0,47.20169488482379
100.0,100.065000057,391.0,503.0,-190.0,140.0,236.00847442411893
101.0,101.019000053,386.0,504.0,-5.0,1.0,5.0990195135927845
102.0,102.019999981,0.0,0.0,-386.0,-504.0,634.8322613100252
103.0,103.020999908,0.0,0.0,0.0,0.0,0.0
104.0,104.391000032,0.0,0.0,0.0,0.0,0.0
105.0,105.099999905,0.0,0.0,0.0,0.0,0.0
106.0,106.119999886,0.0,0.0,0.0,0.0,0.0
107.0,107.006999969,0.0,0.0,0.0,0.0,0.0
108.0,108.029000044,412.0,430.0,412.0,430.0,595.5199408919906
109.0,109.183000088,233.0,506.0,-179.0,76.0,194.4659353203023
110.0,110.048000097,235.0,512.0,2.0,6.0,6.324555320336759
111.0,111.032000065,288.0,539.0,53.0,27.0,59.481089431852205
112.0,112.030999899,324.0,513.0,36.0,-26.0,44.40720662234904
113.0,113.069000006,206.0,605.0,-118.0,92.0,149.6262009141447
114.0,114.015000105,295.0,586.0,89.0,-19.0,91.00549433962765
115.0,115.464999914,379.0,641.0,84.0,55.0,100.40418317978589
116.0,118.269999981,395.0,649.0,16.0,8.0,17.88854381999832
117.0,118.269999981,395.0,649.0,0.0,0.0,0.0
118.0,118.269999981,395.0,649.0,0.0,0.0,0.0
119.0,119.016000032,249.0,256.0,-146.0,-393.0,419.2433660775087
120.0,120.121999979,544.0,191.0,295.0,-65.0,302.0761493398643
121.0,121.002000093,238.0,196.0,-306.0,5.0,306.04084694693944
122.0,123.378000021,336.0,285.0,98.0,89.0,132.38202294873727
123.0,123.378000021,336.0,285.0,0.0,0.0,0.0
124.0,124.101999998,209.0,463.0,-127.0,178.0,218.66183937761065
125.0,125.072999954,143.0,589.0,-66.0,126.0,142.23923509355637
126.0,126.105000019,131.0,607.0,-12.0,18.0,21.633307652783937
127.0,127.020999908,72.0,575.0,-59.0,-32.0,67.11929677819934
128.0,128.032000065,71.0,503.0,-1.0,-72.0,72.00694410957877
129.0,129.131000042,435.0,337.0,364.0,-166.0,400.064994719608
130.0,133.27699995,489.0,399.0,54.0,62.0,82.21921916437786
131.0,133.27699995,489.0,399.0,0.0,0.0,0.0
132.0,133.27699995,489.0,399.0,0.0,0.0,0.0
133.0,133.27699995,489.0,399.0,0.0,0.0,0.0
134.0,134.065999985,391.0,436.0,-98.0,37.0,104.75208828467335
135.0,135.055999994,182.0,232.0,-209.0,-204.0,292.056501382866
136.0,136.022000074,141.0,439.0,-41.0,207.0,211.0213259365034
137.0,137.055999994,138.0,308.0,-3.0,-131.0,131.03434664239754
138.0,138.029999971,465.0,192.0,327.0,-116.0,346.96541614403014
139.0,139.089999914,243.0,196.0,-222.0,4.0,222.03603311174518
140.0,141.174000025,339.0,326.0,96.0,130.0,161.60445538412608
141.0,141.174000025,339.0,326.0,0.0,0.0,0.0
142.0,142.094000101,195.0,550.0,-144.0,224.0,266.2930716334918
143.0,143.059000015,393.0,501.0,198.0,-49.0,203.9730374338726
144.0,144.131999969,921.0,471.0,528.0,-30.0,528.8515859860875
145.0,145.145999908,676.0,557.0,-245.0,86.0,259.65554105391243
146.0,147.736999989,646.0,550.0,-30.0,-7.0,30.805843601498726
147.0,147.736999989,646.0,550.0,0.0,0.0,0.0
148.0,148.062999964,1010.0,493.0,364.0,-57.0,368.4358831601504
149.0,149.08100009,1053.0,574.0,43.0,81.0,91.706052144883
150.0,150.088000059,1176.0,602.0,123.0,28.0,126.14673994994877
151.0,151.092000008,523.0,796.0,-653.0,194.0,681.2084849735799
152.0,152.082000017,283.0,775.0,-240.0,-21.0,240.91699815496622
153.0,153.028000116,754.0,674.0,471.0,-101.0,481.7073800555686
154.0,154.055999994,585.0,510.0,-169.0,-164.0,235.49309968659378
155.0,155.141000032,537.0,475.0,-48.0,-35.0,59.405386961116584
156.0,156.099999905,373.0,641.0,-164.0,166.0,233.34952324785237
157.0,157.082999945,289.0,647.0,-84.0,6.0,84.2140130857092
158.0,158.315000057,525.0,536.0,236.0,-111.0,260.8006901831358
159.0,159.055000067,431.0,138.0,-94.0,-398.0,408.9498746790369
160.0,160.003000021,445.0,425.0,14.0,287.0,287.3412605248331
161.0,161.068000078,492.0,286.0,47.0,-139.0,146.7310464761974
162.0,162.072999954,600.0,24.0,108.0,-262.0,283.3866616480035
163.0,163.055999994,394.0,389.0,-206.0,365.0,419.119314754164
164.0,164.049999952,257.0,141.0,-137.0,-248.0,283.3249018353311
165.0,165.052000046,107.0,119.0,-150.0,-22.0,151.6047492659778
166.0,169.385999918,108.0,119.0,1.0,0.0,1.0
167.0,169.385999918,108.0,119.0,0.0,0.0,0.0
168.0,169.385999918,108.0,119.0,0.0,0.0,0.0
169.0,169.385999918,108.0,119.0,0.0,0.0,0.0
170.0,170.01699996,367.0,347.0,259.0,228.0,345.05796614482034
171.0,171.020999908,191.0,398.0,-176.0,51.0,183.24027941476186
172.0,172.010999918,269.0,429.0,78.0,31.0,83.93449827097318
173.0,173.019000053,242.0,357.0,-27.0,-72.0,76.89603370785778
174.0,174.005000114,248.0,389.0,6.0,32.0,32.55764119219941
175.0,175.151000023,253.0,195.0,5.0,-194.0,194.06442229321684
176.0,177.832000017,258.0,191.0,5.0,-4.0,6.4031242374328485
177.0,177.832000017,258.0,191.0,0.0,0.0,0.0
178.0,178.052999973,677.0,373.0,419.0,182.0,456.8205336891064
179.0,179.220000029,1159.0,272.0,482.0,-101.0,492.4682730897494
180.0,180.0,605.0,475.0,-554.0,203.0,590.0211860602973
181.0,181.002000093,270.0,782.0,-335.0,307.0,454.3941020743997
182.0,182.039000034,598.0,638.0,328.0,-144.0,358.21781083580976
183.0,183.061000109,176.0,180.0,-422.0,-458.0,622.774437497237
184.0,185.892999887,0.0,0.0,-176.0,-180.0,251.745903640953
185.0,185.892999887,0.0,0.0,0.0,0.0,0.0
186.0,186.107000113,228.0,152.0,228.0,152.0,274.0218969352632
187.0,187.071000099,148.0,188.0,-80.0,36.0,87.72684879784524
188.0,188.040999889,567.0,357.0,419.0,169.0,451.79862770929265
189.0,189.065000057,197.0,344.0,-370.0,-13.0,370.22830793984406
190.0,190.086999893,613.0,180.0,416.0,-164.0,447.1599266481736
191.0,191.095000029,120.0,180.0,-493.0,0.0,493.0
192.0,192.012000084,147.0,192.0,27.0,12.0,29.546573405388315
193.0,199.582000017,386.0,442.0,239.0,250.0,345.86268951709724
194.0,199.582000017,386.0,442.0,0.0,0.0,0.0
195.0,199.582000017,386.0,442.0,0.0,0.0,0.0
196.0,199.582000017,386.0,442.0,0.0,0.0,0.0
197.0,199.582000017,386.0,442.0,0.0,0.0,0.0
198.0,199.582000017,386.0,442.0,0.0,0.0,0.0
199.0,199.582000017,386.0,442.0,0.0,0.0,0.0
200.0,200.164999962,605.0,799.0,219.0,357.0,418.81977030699016
201.0,201.016000032,604.0,710.0,-1.0,-89.0,89.00561780022652
202.0,202.013000011,470.0,663.0,-134.0,-47.0,142.00352108310554
203.0,203.051000118,189.0,275.0,-281.0,-388.0,479.06680118747533
204.0,204.071000099,366.0,304.0,177.0,29.0,179.3599732381782
205.0,205.112999916,565.0,631.0,199.0,327.0,382.79237191981764
206.0,206.046999931,367.0,501.0,-198.0,-130.0,236.86282950264695
207.0,214.79399991,487.0,529.0,120.0,28.0,123.2233744059949
208.0,214.79399991,487.0,529.0,0.0,0.0,0.0
209.0,214.79399991,487.0,529.0,0.0,0.0,0.0
210.0,214.79399991,487.0,529.0,0.0,0.0,0.0
211.0,214.79399991,487.0,529.0,0.0,0.0,0.0
212.0,214.79399991,487.0,529.0,0.0,0.0,0.0
213.0,214.79399991,487.0,529.0,0.0,0.0,0.0
214.0,214.79399991,487.0,529.0,0.0,0.0,0.0
215.0,215.111999989,497.0,513.0,10.0,-16.0,18.867962264113206
216.0,216.086999893,213.0,251.0,-284.0,-262.0,386.39358172723314
217.0,217.140000105,149.0,191.0,-64.0,-60.0,87.72684879784524
218.0,222.207999945,149.0,191.0,0.0,0.0,0.0
219.0,222.207999945,149.0,191.0,0.0,0.0,0.0
220.0,222.207999945,149.0,191.0,0.0,0.0,0.0
221.0,222.207999945,149.0,191.0,0.0,0.0,0.0
222.0,222.207999945,149.0,191.0,0.0,0.0,0.0
223.0,227.298000097,150.0,191.0,1.0,0.0,1.0
224.0,227.298000097,150.0,191.0,0.0,0.0,0.0
225.0,227.298000097,150.0,191.0,0.0,0.0,0.0
226.0,227.298000097,150.0,191.0,0.0,0.0,0.0
227.0,227.298000097,150.0,191.0,0.0,0.0,0.0
228.0,228.075999975,689.0,571.0,539.0,380.0,659.4854054488242
229.0,229.003999949,334.0,231.0,-355.0,-340.0,491.553659329274
230.0,230.322000027,392.0,119.0,58.0,-112.0,126.1269202034205
231.0,233.947000027,389.0,122.0,-3.0,3.0,4.242640687119285
232.0,233.947000027,389.0,122.0,0.0,0.0,0.0
233.0,233.947000027,389.0,122.0,0.0,0.0,0.0
234.0,234.062999964,390.0,126.0,1.0,4.0,4.123105625617661
235.0,235.111000061,386.0,126.0,-4.0,0.0,4.0
236.0,240.28399992,201.0,120.0,-185.0,-6.0,185.09727172489605
237.0,240.28399992,201.0,120.0,0.0,0.0,0.0
238.0,240.28399992,201.0,120.0,0.0,0.0,0.0
239.0,240.28399992,201.0,120.0,0.0,0.0,0.0
240.0,240.28399992,201.0,120.0,0.0,0.0,0.0
241.0,241.052000046,344.0,270.0,143.0,150.0,207.24140512938047
242.0,242.075999975,192.0,134.0,-152.0,-136.0,203.9607805437114
243.0,243.079999924,203.0,192.0,11.0,58.0,59.033888572581766
244.0,244.51699996,372.0,280.0,169.0,88.0,190.53870997778904
245.0,245.999000072,389.0,297.0,17.0,17.0,24.041630560342615
246.0,246.095999956,388.0,301.0,-1.0,4.0,4.123105625617661
247.0,247.165999889,146.0,191.0,-242.0,-110.0,265.8270114190806
248.0,248.259000063,443.0,446.0,297.0,255.0,391.45114637716927
249.0,249.611999989,448.0,441.0,5.0,-5.0,7.0710678118654755
250.0,250.062999964,386.0,531.0,-62.0,90.0,109.288608738514
251.0,251.059000015,218.0,220.0,-168.0,-311.0,353.47560028946833
252.0,252.592000008,199.0,213.0,-19.0,-7.0,20.248456731316587
253.0,253.328999996,199.0,213.0,0.0,0.0,0.0
254.0,254.076999903,200.0,213.0,1.0,0.0,1.0
255.0,255.095999956,617.0,653.0,417.0,440.0,606.2087099341283
256.0,256.002000093,630.0,648.0,13.0,-5.0,13.92838827718412
257.0,257.226000071,579.0,641.0,-51.0,-7.0,51.478150704935004
258.0,258.059999943,404.0,556.0,-175.0,-85.0,194.5507645834372
259.0,259.058000088,721.0,619.0,317.0,63.0,323.199628712658
260.0,260.058000088,720.0,630.0,-1.0,11.0,11.045361017187261
261.0,261.079999924,290.0,618.0,-430.0,-12.0,430.16740927225067
