trial,seed,legitimate,sessions,impostor,best_profile,mean_chunk_ratio,sessions_matched,matched
0,42,"user12,user15,user21",1,user20,user12,0.243,0/1,False
0,42,"user12,user15,user21",1,user9,user12,0.196,0/1,False
0,42,"user12,user15,user21",2,user20,user12,0.262,1/2,True
0,42,"user12,user15,user21",2,user9,user12,0.263,0/2,False
0,42,"user12,user15,user21",3,user20,user12,0.333,2/3,True
0,42,"user12,user15,user21",3,user9,user15,0.359,3/3,True
1,43,"user12,user16,user21",1,user23,user16,0.107,0/1,False
1,43,"user12,user16,user21",1,user29,user12,0.165,0/1,False
1,43,"user12,user16,user21",2,user23,user16,0.153,0/2,False
1,43,"user12,user16,user21",2,user29,user16,0.202,0/2,False
1,43,"user12,user16,user21",3,user23,user12,0.181,0/3,False
1,43,"user12,user16,user21",3,user29,user16,0.265,1/3,False
2,44,"user15,user29,user7",1,user16,user7,0.131,0/1,False
2,44,"user15,user29,user7",1,user21,user29,0.094,0/1,False
2,44,"user15,user29,user7",2,user16,user29,0.149,0/2,False
2,44,"user15,user29,user7",2,user21,user29,0.107,0/2,False
2,44,"user15,user29,user7",3,user16,user7,0.17,0/3,False
2,44,"user15,user29,user7",3,user21,user29,0.101,0/3,False
3,45,"user21,user29,user35",1,user12,user29,0.066,0/1,False
3,45,"user21,user29,user35",1,user16,user29,0.057,0/1,False
3,45,"user21,user29,user35",2,user12,user29,0.136,0/2,False
3,45,"user21,user29,user35",2,user16,user29,0.108,0/2,False
3,45,"user21,user29,user35",3,user12,user29,0.164,0/3,False
3,45,"user21,user29,user35",3,user16,user29,0.148,0/3,False
4,46,"user12,user15,user29",1,user35,user12,0.129,0/1,False
4,46,"user12,user15,user29",1,user9,user12,0.2,0/1,False
4,46,"user12,user15,user29",2,user35,user15,0.131,0/2,False
4,46,"user12,user15,user29",2,user9,user15,0.318,2/2,True
4,46,"user12,user15,user29",3,user35,user15,0.154,0/3,False
4,46,"user12,user15,user29",3,user9,user15,0.369,3/3,True
5,47,"user15,user23,user29",1,user21,user23,0.024,0/1,False
5,47,"user15,user23,user29",1,user35,user23,0.051,0/1,False
5,47,"user15,user23,user29",2,user21,user15,0.066,0/2,False
5,47,"user15,user23,user29",2,user35,user15,0.112,0/2,False
5,47,"user15,user23,user29",3,user21,user15,0.1,0/3,False
5,47,"user15,user23,user29",3,user35,user23,0.143,0/3,False
6,48,"user16,user23,user7",1,user29,user7,0.271,0/1,False
6,48,"user16,user23,user7",1,user35,user7,0.146,0/1,False
6,48,"user16,user23,user7",2,user29,user7,0.27,1/2,True
6,48,"user16,user23,user7",2,user35,user7,0.157,0/2,False
6,48,"user16,user23,user7",3,user29,user7,0.279,1/3,False
6,48,"user16,user23,user7",3,user35,user7,0.186,0/3,False
7,49,"user15,user23,user29",1,user12,user29,0.145,0/1,False
7,49,"user15,user23,user29",1,user20,user29,0.308,1/1,True
7,49,"user15,user23,user29",2,user12,user15,0.154,0/2,False
7,49,"user15,user23,user29",2,user20,user29,0.311,1/2,True
7,49,"user15,user23,user29",3,user12,user29,0.172,0/3,False
7,49,"user15,user23,user29",3,user20,user29,0.381,3/3,True
8,50,"user21,user23,user35",1,user15,user23,0.106,0/1,False
8,50,"user21,user23,user35",1,user7,user23,0.074,0/1,False
8,50,"user21,user23,user35",2,user15,user23,0.135,0/2,False
8,50,"user21,user23,user35",2,user7,user23,0.167,0/2,False
8,50,"user21,user23,user35",3,user15,user23,0.184,0/3,False
8,50,"user21,user23,user35",3,user7,user23,0.192,0/3,False
9,51,"user16,user20,user7",1,user15,user7,0.167,0/1,False
9,51,"user16,user20,user7",1,user9,user7,0.325,1/1,True
9,51,"user16,user20,user7",2,user15,user7,0.184,0/2,False
9,51,"user16,user20,user7",2,user9,user7,0.431,2/2,True
9,51,"user16,user20,user7",3,user15,user7,0.22,0/3,False
9,51,"user16,user20,user7",3,user9,user7,0.469,3/3,True
10,52,"user12,user21,user35",1,user20,user12,0.16,0/1,False
10,52,"user12,user21,user35",1,user9,user12,0.202,0/1,False
10,52,"user12,user21,user35",2,user20,user12,0.185,0/2,False
10,52,"user12,user21,user35",2,user9,user12,0.277,0/2,False
10,52,"user12,user21,user35",3,user20,user12,0.256,1/3,False
10,52,"user12,user21,user35",3,user9,user12,0.317,3/3,True
11,53,"user20,user35,user9",1,user23,user9,0.138,0/1,False
11,53,"user20,user35,user9",1,user29,user9,0.15,0/1,False
11,53,"user20,user35,user9",2,user23,user9,0.18,0/2,False
11,53,"user20,user35,user9",2,user29,user9,0.276,1/2,True
11,53,"user20,user35,user9",3,user23,user9,0.212,0/3,False
11,53,"user20,user35,user9",3,user29,user9,0.279,1/3,False
12,54,"user16,user21,user35",1,user23,user16,0.106,0/1,False
12,54,"user16,user21,user35",1,user9,user16,0.243,0/1,False
12,54,"user16,user21,user35",2,user23,user16,0.136,0/2,False
12,54,"user16,user21,user35",2,user9,user16,0.307,2/2,True
12,54,"user16,user21,user35",3,user23,user16,0.171,0/3,False
12,54,"user16,user21,user35",3,user9,user16,0.381,3/3,True
13,55,"user15,user16,user20",1,user23,user16,0.112,0/1,False
13,55,"user15,user16,user20",1,user7,user16,0.161,0/1,False
13,55,"user15,user16,user20",2,user23,user16,0.159,0/2,False
13,55,"user15,user16,user20",2,user7,user16,0.237,0/2,False
13,55,"user15,user16,user20",3,user23,user15,0.202,0/3,False
13,55,"user15,user16,user20",3,user7,user16,0.245,1/3,False
14,56,"user12,user35,user7",1,user23,user7,0.126,0/1,False
14,56,"user12,user35,user7",1,user29,user7,0.21,0/1,False
14,56,"user12,user35,user7",2,user23,user7,0.144,0/2,False
14,56,"user12,user35,user7",2,user29,user7,0.207,0/2,False
14,56,"user12,user35,user7",3,user23,user7,0.198,0/3,False
14,56,"user12,user35,user7",3,user29,user7,0.289,2/3,True
15,57,"user12,user23,user9",1,user16,user12,0.109,0/1,False
15,57,"user12,user23,user9",1,user29,user9,0.122,0/1,False
15,57,"user12,user23,user9",2,user16,user9,0.14,0/2,False
15,57,"user12,user23,user9",2,user29,user9,0.234,0/2,False
15,57,"user12,user23,user9",3,user16,user9,0.172,0/3,False
15,57,"user12,user23,user9",3,user29,user9,0.304,2/3,True
16,58,"user20,user7,user9",1,user29,user7,0.118,0/1,False
16,58,"user20,user7,user9",1,user35,user9,0.083,0/1,False
16,58,"user20,user7,user9",2,user29,user9,0.243,1/2,True
16,58,"user20,user7,user9",2,user35,user9,0.103,0/2,False
16,58,"user20,user7,user9",3,user29,user9,0.272,1/3,False
16,58,"user20,user7,user9",3,user35,user9,0.141,0/3,False
17,59,"user15,user20,user35",1,user12,user20,0.1,0/1,False
17,59,"user15,user20,user35",1,user16,user20,0.085,0/1,False
17,59,"user15,user20,user35",2,user12,user20,0.138,0/2,False
17,59,"user15,user20,user35",2,user16,user20,0.132,0/2,False
17,59,"user15,user20,user35",3,user12,user15,0.154,0/3,False
17,59,"user15,user20,user35",3,user16,user20,0.145,0/3,False
18,60,"user16,user21,user9",1,user15,user16,0.121,0/1,False
18,60,"user16,user21,user9",1,user20,user9,0.331,1/1,True
18,60,"user16,user21,user9",2,user15,user9,0.167,0/2,False
18,60,"user16,user21,user9",2,user20,user9,0.339,1/2,True
18,60,"user16,user21,user9",3,user15,user9,0.19,0/3,False
18,60,"user16,user21,user9",3,user20,user9,0.372,2/3,True
19,61,"user16,user20,user35",1,user21,user16,0.043,0/1,False
19,61,"user16,user20,user35",1,user9,user16,0.21,0/1,False
19,61,"user16,user20,user35",2,user21,user16,0.06,0/2,False
19,61,"user16,user20,user35",2,user9,user20,0.346,2/2,True
19,61,"user16,user20,user35",3,user21,user20,0.067,0/3,False
19,61,"user16,user20,user35",3,user9,user20,0.408,3/3,True
