axis,n_legit,n_impostor,sessions,flat_from,biggest_jump_at,biggest_jump
sessions,1.0,1.0,,4,4,0.15
sessions,1.0,2.0,,4,2,0.15
sessions,1.0,3.0,,4,2,0.117
sessions,1.0,4.0,,4,2,0.126
sessions,1.0,5.0,,4,4,0.11
sessions,1.0,6.0,,4,4,0.125
sessions,1.0,7.0,,4,2,0.122
sessions,1.0,8.0,,4,2,0.138
sessions,1.0,9.0,,4,2,0.133
sessions,2.0,1.0,,2,2,0.25
sessions,2.0,2.0,,2,2,0.25
sessions,2.0,3.0,,2,2,0.217
sessions,2.0,4.0,,2,2,0.213
sessions,2.0,5.0,,4,2,0.22
sessions,2.0,6.0,,4,2,0.208
sessions,2.0,7.0,,4,2,0.222
sessions,2.0,8.0,,4,2,0.232
sessions,3.0,1.0,,4,2,0.25
sessions,3.0,2.0,,4,2,0.25
sessions,3.0,3.0,,4,2,0.217
sessions,3.0,4.0,,4,2,0.213
sessions,3.0,5.0,,4,2,0.23
sessions,3.0,6.0,,4,2,0.225
sessions,3.0,7.0,,4,2,0.236
sessions,4.0,1.0,,4,2,0.25
sessions,4.0,2.0,,4,2,0.225
sessions,4.0,3.0,,4,2,0.2
sessions,4.0,4.0,,4,2,0.188
sessions,4.0,5.0,,5,2,0.22
sessions,4.0,6.0,,4,2,0.208
sessions,5.0,1.0,,2,2,0.3
sessions,5.0,2.0,,4,2,0.25
sessions,5.0,3.0,,4,2,0.217
sessions,5.0,4.0,,4,2,0.2
sessions,5.0,5.0,,4,2,0.26
sessions,6.0,1.0,,2,2,0.3
sessions,6.0,2.0,,4,2,0.25
sessions,6.0,3.0,,4,2,0.217
sessions,6.0,4.0,,4,2,0.2
sessions,7.0,1.0,,2,2,0.3
sessions,7.0,2.0,,4,2,0.25
sessions,7.0,3.0,,4,2,0.217
sessions,8.0,1.0,,2,2,0.25
sessions,8.0,2.0,,4,2,0.225
sessions,9.0,1.0,,2,2,0.25
n_legit,,1.0,1.0,8,8,0.05
n_legit,,2.0,1.0,4,4,0.05
n_legit,,3.0,1.0,1,4,0.033
n_legit,,4.0,1.0,1,4,0.038
n_legit,,5.0,1.0,1,4,0.03
n_legit,,6.0,1.0,1,4,0.033
n_legit,,7.0,1.0,1,2,0.0
n_legit,,8.0,1.0,1,2,0.0
n_legit,,1.0,2.0,2,2,0.15
n_legit,,2.0,2.0,2,2,0.1
n_legit,,3.0,2.0,2,2,0.1
n_legit,,4.0,2.0,2,2,0.087
n_legit,,5.0,2.0,2,2,0.11
n_legit,,6.0,2.0,2,2,0.092
n_legit,,7.0,2.0,2,2,0.1
n_legit,,8.0,2.0,2,2,0.094
n_legit,,1.0,3.0,2,2,0.15
n_legit,,2.0,3.0,2,2,0.1
n_legit,,3.0,3.0,2,2,0.067
n_legit,,4.0,3.0,2,2,0.063
n_legit,,5.0,3.0,2,2,0.08
n_legit,,6.0,3.0,2,2,0.075
n_legit,,7.0,3.0,2,2,0.079
n_legit,,8.0,3.0,2,2,0.082
n_legit,,1.0,4.0,3,3,0.1
n_legit,,2.0,4.0,1,3,0.05
n_legit,,3.0,4.0,1,2,0.033
n_legit,,4.0,4.0,1,3,0.026
n_legit,,5.0,4.0,1,2,0.05
n_legit,,6.0,4.0,1,2,0.05
n_legit,,7.0,4.0,2,2,0.057
n_legit,,8.0,4.0,2,2,0.069
n_legit,,1.0,5.0,1,3,0.05
n_legit,,2.0,5.0,1,2,0.025
n_legit,,3.0,5.0,1,3,0.017
n_legit,,4.0,5.0,1,5,0.013
n_legit,,5.0,5.0,1,2,0.04
n_legit,,6.0,5.0,1,2,0.042
n_legit,,7.0,5.0,1,2,0.036
n_legit,,8.0,5.0,1,2,0.037
n_impostor,1.0,,1.0,1,4,0.012
n_impostor,2.0,,1.0,1,4,0.012
n_impostor,3.0,,1.0,1,4,0.012
n_impostor,4.0,,1.0,2,2,0.05
n_impostor,5.0,,1.0,2,2,0.05
n_impostor,6.0,,1.0,2,2,0.05
n_impostor,7.0,,1.0,2,2,0.05
n_impostor,8.0,,1.0,1,2,0.025
n_impostor,1.0,,2.0,1,2,0.05
n_impostor,2.0,,2.0,1,3,0.033
n_impostor,3.0,,2.0,1,3,0.033
n_impostor,4.0,,2.0,1,3,0.042
n_impostor,5.0,,2.0,1,3,0.05
n_impostor,6.0,,2.0,1,3,0.05
n_impostor,7.0,,2.0,1,3,0.05
n_impostor,8.0,,2.0,1,2,0.0
n_impostor,1.0,,3.0,1,2,0.05
n_impostor,2.0,,3.0,1,3,0.033
n_impostor,3.0,,3.0,1,3,0.033
n_impostor,4.0,,3.0,1,5,0.035
n_impostor,5.0,,3.0,1,3,0.042
n_impostor,6.0,,3.0,1,3,0.042
n_impostor,7.0,,3.0,1,3,0.042
n_impostor,8.0,,3.0,1,2,0.025
n_impostor,1.0,,4.0,1,3,0.033
n_impostor,2.0,,4.0,1,5,0.048
n_impostor,3.0,,4.0,1,3,0.042
n_impostor,4.0,,4.0,1,3,0.05
n_impostor,5.0,,4.0,1,3,0.05
n_impostor,6.0,,4.0,1,3,0.05
n_impostor,7.0,,4.0,1,3,0.05
n_impostor,8.0,,4.0,1,2,0.0
n_impostor,1.0,,5.0,1,6,0.018
n_impostor,2.0,,5.0,1,5,0.03
n_impostor,3.0,,5.0,1,3,0.033
n_impostor,4.0,,5.0,1,3,0.033
n_impostor,5.0,,5.0,1,3,0.042
n_impostor,6.0,,5.0,1,3,0.05
n_impostor,7.0,,5.0,1,3,0.05
n_impostor,8.0,,5.0,1,2,0.0
