sessions,n_legit,n_impostor,matched_mean,matched_std,threshold_mean,threshold_std
1,1,1,0.0,0.0,0.0,0.0
1,1,2,0.0,0.0,0.0,0.0
1,1,3,0.0,0.0,0.0,0.0
1,1,4,0.05,0.224,0.012,0.056
1,1,5,0.05,0.224,0.01,0.045
1,1,6,0.1,0.447,0.017,0.075
1,1,7,0.1,0.447,0.014,0.064
1,1,8,0.1,0.447,0.012,0.056
1,1,9,0.15,0.489,0.017,0.054
1,2,1,0.0,0.0,0.0,0.0
1,2,2,0.0,0.0,0.0,0.0
1,2,3,0.0,0.0,0.0,0.0
1,2,4,0.05,0.224,0.012,0.056
1,2,5,0.05,0.224,0.01,0.045
1,2,6,0.1,0.447,0.017,0.075
1,2,7,0.1,0.447,0.014,0.064
1,2,8,0.1,0.447,0.012,0.056
1,3,1,0.0,0.0,0.0,0.0
1,3,2,0.0,0.0,0.0,0.0
1,3,3,0.0,0.0,0.0,0.0
1,3,4,0.05,0.224,0.012,0.056
1,3,5,0.05,0.224,0.01,0.045
1,3,6,0.1,0.447,0.017,0.075
1,3,7,0.1,0.447,0.014,0.064
1,4,1,0.0,0.0,0.0,0.0
1,4,2,0.1,0.308,0.05,0.154
1,4,3,0.1,0.308,0.033,0.103
1,4,4,0.2,0.41,0.05,0.103
1,4,5,0.2,0.41,0.04,0.082
1,4,6,0.3,0.657,0.05,0.109
1,5,1,0.0,0.0,0.0,0.0
1,5,2,0.1,0.308,0.05,0.154
1,5,3,0.1,0.308,0.033,0.103
1,5,4,0.2,0.41,0.05,0.103
1,5,5,0.2,0.41,0.04,0.082
1,6,1,0.0,0.0,0.0,0.0
1,6,2,0.1,0.308,0.05,0.154
1,6,3,0.1,0.308,0.033,0.103
1,6,4,0.2,0.41,0.05,0.103
1,7,1,0.0,0.0,0.0,0.0
1,7,2,0.1,0.308,0.05,0.154
1,7,3,0.1,0.308,0.033,0.103
1,8,1,0.05,0.224,0.05,0.224
1,8,2,0.15,0.366,0.075,0.183
1,9,1,0.05,0.224,0.05,0.224
2,1,1,0.1,0.308,0.1,0.308
2,1,2,0.3,0.657,0.15,0.328
2,1,3,0.35,0.671,0.117,0.224
2,1,4,0.55,0.759,0.138,0.19
2,1,5,0.6,0.754,0.12,0.151
2,1,6,0.8,0.894,0.133,0.149
2,1,7,0.95,0.999,0.136,0.143
2,1,8,1.2,1.24,0.15,0.155
2,1,9,1.35,1.226,0.15,0.136
2,2,1,0.25,0.444,0.25,0.444
2,2,2,0.5,0.761,0.25,0.38
2,2,3,0.65,0.745,0.217,0.248
2,2,4,0.9,0.718,0.225,0.18
2,2,5,1.15,0.875,0.23,0.175
2,2,6,1.35,0.875,0.225,0.146
2,2,7,1.65,0.933,0.236,0.133
2,2,8,1.95,1.05,0.244,0.131
2,3,1,0.25,0.444,0.25,0.444
2,3,2,0.5,0.761,0.25,0.38
2,3,3,0.65,0.745,0.217,0.248
2,3,4,0.9,0.718,0.225,0.18
2,3,5,1.2,0.951,0.24,0.19
2,3,6,1.45,0.887,0.242,0.148
2,3,7,1.75,0.91,0.25,0.13
2,4,1,0.25,0.444,0.25,0.444
2,4,2,0.55,0.759,0.275,0.38
2,4,3,0.7,0.733,0.233,0.244
2,4,4,0.95,0.686,0.238,0.172
2,4,5,1.3,0.923,0.26,0.185
2,4,6,1.55,0.826,0.258,0.138
2,5,1,0.3,0.47,0.3,0.47
2,5,2,0.6,0.754,0.3,0.377
2,5,3,0.75,0.716,0.25,0.239
2,5,4,1.0,0.649,0.25,0.162
2,5,5,1.5,0.889,0.3,0.178
2,6,1,0.3,0.47,0.3,0.47
2,6,2,0.6,0.754,0.3,0.377
2,6,3,0.75,0.716,0.25,0.239
2,6,4,1.0,0.649,0.25,0.162
2,7,1,0.3,0.47,0.3,0.47
2,7,2,0.6,0.754,0.3,0.377
2,7,3,0.75,0.716,0.25,0.239
2,8,1,0.3,0.47,0.3,0.47
2,8,2,0.6,0.754,0.3,0.377
2,9,1,0.3,0.47,0.3,0.47
3,1,1,0.1,0.308,0.1,0.308
3,1,2,0.3,0.571,0.15,0.286
3,1,3,0.45,0.605,0.15,0.202
3,1,4,0.65,0.671,0.162,0.168
3,1,5,0.75,0.786,0.15,0.157
3,1,6,0.9,0.852,0.15,0.142
3,1,7,1.15,1.04,0.164,0.149
3,1,8,1.3,1.129,0.162,0.141
3,1,9,1.65,1.04,0.183,0.116
3,2,1,0.25,0.444,0.25,0.444
3,2,2,0.5,0.688,0.25,0.344
3,2,3,0.65,0.671,0.217,0.224
3,2,4,0.9,0.641,0.225,0.16
3,2,5,1.15,0.875,0.23,0.175
3,2,6,1.35,0.813,0.225,0.135
3,2,7,1.7,0.979,0.243,0.14
3,2,8,1.95,1.05,0.244,0.131
3,3,1,0.25,0.444,0.25,0.444
3,3,2,0.5,0.688,0.25,0.344
3,3,3,0.65,0.671,0.217,0.224
3,3,4,0.9,0.641,0.225,0.16
3,3,5,1.25,0.786,0.25,0.157
3,3,6,1.5,0.688,0.25,0.115
3,3,7,1.85,0.813,0.264,0.116
3,4,1,0.25,0.444,0.25,0.444
3,4,2,0.5,0.688,0.25,0.344
3,4,3,0.65,0.671,0.217,0.224
3,4,4,0.9,0.641,0.225,0.16
3,4,5,1.3,0.801,0.26,0.16
3,4,6,1.6,0.754,0.267,0.126
3,5,1,0.3,0.47,0.3,0.47
3,5,2,0.55,0.686,0.275,0.343
3,5,3,0.7,0.657,0.233,0.219
3,5,4,0.95,0.605,0.238,0.151
3,5,5,1.35,0.813,0.27,0.163
3,6,1,0.3,0.47,0.3,0.47
3,6,2,0.55,0.686,0.275,0.343
3,6,3,0.7,0.657,0.233,0.219
3,6,4,0.95,0.605,0.238,0.151
3,7,1,0.3,0.47,0.3,0.47
3,7,2,0.55,0.686,0.275,0.343
3,7,3,0.7,0.657,0.233,0.219
3,8,1,0.3,0.47,0.3,0.47
3,8,2,0.55,0.686,0.275,0.343
3,9,1,0.3,0.47,0.3,0.47
4,1,1,0.25,0.444,0.25,0.444
4,1,2,0.5,0.688,0.25,0.344
4,1,3,0.65,0.671,0.217,0.224
4,1,4,0.95,0.605,0.238,0.151
4,1,5,1.3,0.733,0.26,0.147
4,1,6,1.65,0.813,0.275,0.135
4,1,7,1.95,0.826,0.279,0.118
4,1,8,2.2,0.951,0.275,0.119
4,1,9,2.6,0.883,0.289,0.098
4,2,1,0.25,0.444,0.25,0.444
4,2,2,0.55,0.759,0.275,0.38
4,2,3,0.75,0.716,0.25,0.239
4,2,4,1.05,0.605,0.262,0.151
4,2,5,1.55,0.759,0.31,0.152
4,2,6,1.95,0.686,0.325,0.114
4,2,7,2.35,0.587,0.336,0.084
4,2,8,2.75,0.55,0.344,0.069
4,3,1,0.35,0.489,0.35,0.489
4,3,2,0.65,0.745,0.325,0.373
4,3,3,0.85,0.671,0.283,0.224
4,3,4,1.15,0.489,0.288,0.122
4,3,5,1.65,0.745,0.33,0.149
4,3,6,2.05,0.759,0.342,0.127
4,3,7,2.5,0.607,0.357,0.087
4,4,1,0.35,0.489,0.35,0.489
4,4,2,0.7,0.801,0.35,0.401
4,4,3,0.9,0.718,0.3,0.239
4,4,4,1.2,0.523,0.3,0.131
4,4,5,1.7,0.801,0.34,0.16
4,4,6,2.15,0.813,0.358,0.135
4,5,1,0.35,0.489,0.35,0.489
4,5,2,0.7,0.801,0.35,0.401
4,5,3,0.9,0.718,0.3,0.239
4,5,4,1.2,0.523,0.3,0.131
4,5,5,1.7,0.801,0.34,0.16
4,6,1,0.35,0.489,0.35,0.489
4,6,2,0.7,0.801,0.35,0.401
4,6,3,0.9,0.718,0.3,0.239
4,6,4,1.2,0.523,0.3,0.131
4,7,1,0.35,0.489,0.35,0.489
4,7,2,0.7,0.801,0.35,0.401
4,7,3,0.9,0.718,0.3,0.239
4,8,1,0.35,0.489,0.35,0.489
4,8,2,0.7,0.801,0.35,0.401
4,9,1,0.35,0.489,0.35,0.489
5,1,1,0.25,0.444,0.25,0.444
5,1,2,0.5,0.688,0.25,0.344
5,1,3,0.7,0.801,0.233,0.267
5,1,4,0.95,0.686,0.238,0.172
5,1,5,1.2,0.894,0.24,0.179
5,1,6,1.55,0.945,0.258,0.157
5,1,7,1.85,0.988,0.264,0.141
5,1,8,2.15,1.04,0.269,0.13
5,1,9,2.55,0.999,0.283,0.111
5,2,1,0.25,0.444,0.25,0.444
5,2,2,0.55,0.759,0.275,0.38
5,2,3,0.75,0.851,0.25,0.284
5,2,4,1.0,0.725,0.25,0.181
5,2,5,1.4,0.883,0.28,0.177
5,2,6,1.8,0.834,0.3,0.139
5,2,7,2.1,0.788,0.3,0.113
5,2,8,2.45,0.686,0.306,0.086
5,3,1,0.3,0.47,0.3,0.47
5,3,2,0.6,0.754,0.3,0.377
5,3,3,0.8,0.834,0.267,0.278
5,3,4,1.05,0.686,0.262,0.172
5,3,5,1.45,0.887,0.29,0.177
5,3,6,1.85,0.875,0.308,0.146
5,3,7,2.2,0.834,0.314,0.119
5,4,1,0.3,0.47,0.3,0.47
5,4,2,0.6,0.754,0.3,0.377
5,4,3,0.8,0.834,0.267,0.278
5,4,4,1.05,0.686,0.262,0.172
5,4,5,1.45,0.887,0.29,0.177
5,4,6,1.9,0.852,0.317,0.142
5,5,1,0.3,0.47,0.3,0.47
5,5,2,0.65,0.813,0.325,0.406
5,5,3,0.85,0.875,0.283,0.292
5,5,4,1.1,0.718,0.275,0.18
5,5,5,1.55,0.887,0.31,0.177
5,6,1,0.35,0.489,0.35,0.489
5,6,2,0.7,0.801,0.35,0.401
5,6,3,0.9,0.852,0.3,0.284
5,6,4,1.15,0.671,0.288,0.168
5,7,1,0.35,0.489,0.35,0.489
5,7,2,0.7,0.801,0.35,0.401
5,7,3,0.9,0.852,0.3,0.284
5,8,1,0.35,0.489,0.35,0.489
5,8,2,0.7,0.801,0.35,0.401
5,9,1,0.35,0.489,0.35,0.489
